,data_size,db_name,op_type,method,memory,cache_used,real_time,cpu_time,average_time,memory_used
0,10,psql,select,at_once,,No,0.0038225140006034053,0.0028320289999896886,,0
1,10,psql,select,at_once,,Yes,0.004326033999859646,0.003385947999987593,,0
2,10,sqlite,select,at_once,,No,0.0019602350002969615,0.0022293929999932516,,0
3,10,sqlite,select,at_once,,Yes,0.0015253940000548027,0.001789571999992745,,0
4,10,mongo,select,at_once,,No,0.3826229139995121,0.019100889999990045,,0
5,10,mongo,select,at_once,,Yes,0.42723633400055405,0.016628343000007817,,0
6,10,duck,select,at_once,,No,0.0010919579999608686,0.0012273730000060823,,0
7,10,duck,select,at_once,,Yes,0.000991789999716275,0.0011404259999920896,,0
