,data_size,step,memory,real_time,cpu_time,average_time,memory_used
0,50,Generate Users,"(352.4609375, 472)",0.003777228000217292,0.0039055900000022348,0.003382543999578047,352.4609375
1,50,Generate Vehicles,"(351.4609375, 920)",0.006320700000287616,0.006282984000002045,0.006540607000715681,351.4609375
2,50,Merge Data,"(350.5625, 408)",8.957200043369085e-05,8.88960000011707e-05,8.291500034829369e-05,350.5625
3,50,Merging data,,0.000623508999524347,0.0006028429999958007,0.0001596849997440586,0.0
4,50,Creating CSVs,,0.0017088320000766544,0.0016942800000023794,0.001235568000083731,0.0
5,50,Creating JSONs,,0.0037667699998564785,0.0037186739999981455,0.0032565749997957028,0.0
