,data_size,db_name,op_type,method,memory,cache_used,real_time,cpu_time,average_time,memory_used
0,10,psql,select,at_once,,No,0.0034974410000359057,0.0024134519999989834,,0
1,10,psql,select,at_once,,Yes,0.0033169150001413072,0.002274193000005198,,0
2,10,sqlite,select,at_once,,No,0.001532842999949935,0.0017947820000046022,,0
3,10,sqlite,select,at_once,,Yes,0.001204265000524174,0.0014031450000118184,,0
4,10,mongo,select,at_once,,No,0.005014539000512741,0.004713527999996359,,0
5,10,mongo,select,at_once,,Yes,0.007121659999938856,0.006866412999997351,,0
6,10,duck,select,at_once,,No,0.0013192920005167252,0.001466269000005127,,0
7,10,duck,select,at_once,,Yes,0.0016298890004691202,0.0018304060000104982,,0
