,data_size,db_name,op_type,method,memory,cache_used,real_time,cpu_time,average_time,memory_used
0,10,psql,select,at_once,,No,0.0027926069997192826,0.002075477999994746,,0
1,10,psql,select,at_once,,Yes,0.003824324000561319,0.0032365429999998696,,0
2,10,sqlite,select,at_once,,No,0.0013757429996985593,0.0015956000000016957,,0
3,10,sqlite,select,at_once,,Yes,0.001018431999909808,0.0012592129999973167,,0
4,10,mongo,select,at_once,,No,0.3788017930000933,0.01689272899999139,,0
5,10,mongo,select,at_once,,Yes,0.4285763259995292,0.018973450000004277,,0
6,10,duck,select,at_once,,No,0.0013689649995285436,0.0015069620000076611,,0
7,10,duck,select,at_once,,Yes,0.001050350999321381,0.001225207999993927,,0
