,data_size,db_name,op_type,method,memory,cache_used,real_time,cpu_time,average_time,memory_used
0,10,psql,select,at_once,,No,0.0028382620002957992,0.001908149000001913,,0
1,10,psql,select,at_once,,Yes,0.0024195180003516725,0.0016139850000058686,,0
2,10,sqlite,select,at_once,,No,0.0011437379998824326,0.0013196909999919626,,0
3,10,sqlite,select,at_once,,Yes,0.0009204869993482134,0.0010852489999990667,,0
4,10,mongo,select,at_once,,No,0.008492113000102108,0.006868847999996319,,0
5,10,mongo,select,at_once,,Yes,0.026866506000260415,0.01113150299998722,,0
6,10,duck,select,at_once,,No,0.0021075009999549366,0.0020469650000052297,,0
7,10,duck,select,at_once,,Yes,0.0015368220001619193,0.001757990999990966,,0
