,data_size,db_name,op_type,method,memory,cache_used,real_time,cpu_time,average_time,memory_used
0,10,psql,select,one_each,,No,0.016844279999531864,0.005938877000005505,,0
1,10,psql,select,one_each,,Yes,0.01642254799935472,0.006753638999995815,,0
2,10,sqlite,select,one_each,,No,0.0014514839995172224,0.001641237999990608,,0
3,10,sqlite,select,one_each,,Yes,0.001238187000126345,0.0014529390000035391,,0
4,10,mongo,select,one_each,,No,0.0248516550000204,0.02294079400000726,,0
5,10,mongo,select,one_each,,Yes,0.011235957999815582,0.01196087499999976,,0
6,10,duck,select,one_each,,No,0.004483761999836133,0.003960374000001821,,0
7,10,duck,select,one_each,,Yes,0.004034637000586372,0.0038640799999996034,,0
