,data_size,db_name,op_type,method,memory,cache_used,real_time,cpu_time,average_time,memory_used
0,10,psql,select,one_each,,No,0.016497064000759565,0.006116426999994928,,0
1,10,psql,select,one_each,,Yes,0.016869766999661806,0.006707211999994911,,0
2,10,sqlite,select,one_each,,No,0.0013998000003994093,0.0015764990000093348,,0
3,10,sqlite,select,one_each,,Yes,0.0011997290002909722,0.001353568999988397,,0
4,10,mongo,select,one_each,,No,0.42256232499948965,0.034210052999995355,,0
5,10,mongo,select,one_each,,Yes,0.46382585699939227,0.03626889999999605,,0
6,10,duck,select,one_each,,No,0.0021423309999590856,0.0023407979999916506,,0
7,10,duck,select,one_each,,Yes,0.0019734610004888964,0.002179131000005441,,0
