,data_size,db_name,op_type,method,memory,cache_used,real_time,cpu_time,average_time,memory_used
0,10,psql,select,one_each,,No,0.0170397990004858,0.007282455000009236,,0
1,10,psql,select,one_each,,Yes,0.016703954999684356,0.0063488360000008015,,0
2,10,sqlite,select,one_each,,No,0.001512200999968627,0.0016927260000016986,,0
3,10,sqlite,select,one_each,,Yes,0.0011339120001139236,0.0012641920000078244,,0
4,10,mongo,select,one_each,,No,0.3841215259999444,0.03176201300000514,,0
5,10,mongo,select,one_each,,Yes,0.41170828899976186,0.03818127199998855,,0
6,10,duck,select,one_each,,No,0.0027954019997196156,0.002819903000002455,,0
7,10,duck,select,one_each,,Yes,0.002511218999643461,0.002727337000010266,,0
