,data_size,db_name,op_type,method,memory,cache_used,real_time,cpu_time,average_time,memory_used
0,10,psql,select,at_once,,No,0.002977347000523878,0.0020166799999969953,,0
1,10,psql,select,at_once,,Yes,0.0033952680005313596,0.0024097070000124177,,0
2,10,sqlite,select,at_once,,No,0.0012820170004488318,0.001497302000004197,,0
3,10,sqlite,select,at_once,,Yes,0.0013924109998697531,0.0014354579999888983,,0
4,10,mongo,select,at_once,,No,0.031237616999533202,0.012556541999998672,,0
5,10,mongo,select,at_once,,Yes,0.012288339999940945,0.008009076999996978,,0
6,10,duck,select,at_once,,No,0.004578093999953126,0.003167558000001236,,0
7,10,duck,select,at_once,,Yes,0.001840363999690453,0.002063183999993612,,0
