,data_size,db_name,op_type,method,memory,cache_used,real_time,cpu_time,average_time,memory_used
0,10,psql,select,one_each,,No,0.016956446999756736,0.0069453809999941996,,0
1,10,psql,select,one_each,,Yes,0.016831820999868796,0.007456430999994268,,0
2,10,sqlite,select,one_each,,No,0.0019618899996203254,0.0021120290000027353,,0
3,10,sqlite,select,one_each,,Yes,0.0016611539995210478,0.0018464289999968742,,0
4,10,mongo,select,one_each,,No,0.3895610219997252,0.03643482399999698,,0
5,10,mongo,select,one_each,,Yes,0.41081069000028947,0.03321095500000126,,0
6,10,duck,select,one_each,,No,0.0021978309996484313,0.0023767599999899858,,0
7,10,duck,select,one_each,,Yes,0.0017273270004807273,0.001915499999995518,,0
