,data_size,db_name,op_type,method,memory,cache_used,real_time,cpu_time,average_time,memory_used
0,10,psql,select,one_each,,No,0.017487232999883418,0.005626558000003001,,0
1,10,psql,select,one_each,,Yes,0.01626552699963213,0.006622333999999341,,0
2,10,sqlite,select,one_each,,No,0.0014834570001767133,0.0016660729999955493,,0
3,10,sqlite,select,one_each,,Yes,0.001716108999971766,0.002029669999998873,,0
4,10,mongo,select,one_each,,No,0.3926490450003257,0.04028792500000122,,0
5,10,mongo,select,one_each,,Yes,0.4088746630004607,0.04345998499999837,,0
6,10,duck,select,one_each,,No,0.002201036000769818,0.0022748839999877646,,0
7,10,duck,select,one_each,,Yes,0.002095802000440017,0.0022912249999933465,,0
