,data_size,db_name,op_type,method,memory,cache_used,real_time,cpu_time,average_time,memory_used
0,10,psql,select,one_each,,No,0.018470422999598668,0.006601422000002799,,0
1,10,psql,select,one_each,,Yes,0.015141422999477072,0.005840014999989762,,0
2,10,sqlite,select,one_each,,No,0.0016115939997689566,0.001815127000000416,,0
3,10,sqlite,select,one_each,,Yes,0.00201531399943633,0.0018260009999977456,,0
4,10,mongo,select,one_each,,No,0.0834357240000827,0.03420241199999907,,0
5,10,mongo,select,one_each,,Yes,0.0495470319992819,0.024077590000004534,,0
6,10,duck,select,one_each,,No,0.0018416729999444215,0.002018875999993952,,0
7,10,duck,select,one_each,,Yes,0.001518377000138571,0.0016317999999984067,,0
